,Feature_Importance
Ethnicity.White,0.0907108084612421
Ethnicity.British,0.0567839665839459
Sex,0.04551480271080771
Ethnicity.White_Other,-0.024364141880184258
Ethnicity.Black,-0.021048184689364938
Ethnicity.Prefer_not_to_answer,0.01670926332791408
Ethnicity.Pakistani,-0.012964037747008914
Ethnicity.African,-0.0073246306859862005
Ethnicity.White_and_Black_Caribbean,-0.0055484002831805174
Ethnicity.Mixed,-0.00433934452809297
Ethnicity.Bangladeshi,-0.004084082574810327
Ethnicity.Asian_Other,-8.566591806377924e-05
Ethnicity.White_and_Black_African,-0.0
Ethnicity.Do_not_know,0.0
Ethnicity.Other_ethnicity,-0.0
Ethnicity.Irish,0.0
Ethnicity.Other,0.0
Ethnicity.White_and_Asian,-0.0
Ethnicity.Caribbean,-0.0
Ethnicity.Mixed_Other,-0.0
Ethnicity.Asian,-0.0
Ethnicity.Indian,0.0
Ethnicity.Chinese,0.0
Ethnicity.Black_Other,-0.0
Ethnicity.NA,0.0
