covariate,Feature_importance
Age,0.6504399317955539
Sex,0.30009542319960036
Pulse rate,0.2094116082260507
Absence of notch position in the pulse waveform,0.10241208963484068
Ethnicity.White_and_Black_African,-0.09549532102282259
Ethnicity.Irish,0.03630014587488459
Ethnicity.Pakistani,-0.03163631680377667
Position of pulse wave notch,0.031117654175144602
Ethnicity.Asian_Other,-0.025967622504396375
Pulse wave reflection index,-0.02494709117868928
Ethnicity.White_Other,-0.02092235980933267
Ethnicity.Indian,-0.020677979013618297
Ethnicity.African,0.020100462271852273
Ethnicity.Do_not_know,0.01869498688672384
Ethnicity.Prefer_not_to_answer,0.016020118986359442
Position of the pulse wave peak,0.01598521317876147
Position of the shoulder on the pulse waveform,0.015432110564784536
Ethnicity.Other_ethnicity,0.014256715776214915
Pulse wave Arterial Stiffness index,0.013976831755159727
Pulse wave peak to peak time,0.013017214131738753
Ethnicity.Bangladeshi,-0.01245765629750249
Ethnicity.Caribbean,0.009714406947318096
Ethnicity.Mixed_Other,0.009056009223545353
Ethnicity.White_and_Asian,0.006106654302792856
Ethnicity.Black_Other,-0.0006525180852251614
Ethnicity.NA,-0.0002993420235723857
Ethnicity.White_and_Black_Caribbean,6.948265056178852e-05
