,Feature_Importance
Age,0.6601473312820145
Sex,0.14976680230178543
t8,0.10754445486760021
t10,0.019005007298456004
t9,0.014456609279997128
t13,0.010893479083744828
t87,0.010020953840294307
t6,0.00861536616314177
t4,0.006148955616668875
t7,0.004401124129983291
t47,0.002156056744066896
t43,0.0016560628936921002
t45,0.0016550193418138823
t46,0.0013845061416372646
t48,0.0010871910934109248
t44,0.0010610799216926273
t15,0.0
t30,0.0
t29,0.0
t28,0.0
t11,0.0
t12,0.0
t27,0.0
t14,0.0
t25,0.0
t16,0.0
t17,0.0
t18,0.0
t24,0.0
t20,0.0
t21,0.0
t22,0.0
t26,0.0
t23,0.0
t19,0.0
t5,0.0
t32,0.0
t3,0.0
Ethnicity.White,0.0
Ethnicity.British,0.0
Ethnicity.Irish,0.0
Ethnicity.White_Other,0.0
Ethnicity.Mixed,0.0
Ethnicity.White_and_Black_Caribbean,0.0
Ethnicity.White_and_Black_African,0.0
Ethnicity.White_and_Asian,0.0
Ethnicity.Mixed_Other,0.0
Ethnicity.Asian,0.0
Ethnicity.Indian,0.0
Ethnicity.Pakistani,0.0
Ethnicity.Bangladeshi,0.0
Ethnicity.Asian_Other,0.0
Ethnicity.Black,0.0
Ethnicity.Caribbean,0.0
Ethnicity.African,0.0
Ethnicity.Black_Other,0.0
Ethnicity.Chinese,0.0
Ethnicity.Other,0.0
Ethnicity.Other_ethnicity,0.0
Ethnicity.Do_not_know,0.0
Ethnicity.Prefer_not_to_answer,0.0
Ethnicity.NA,0.0
t0,0.0
t1,0.0
t2,0.0
t31,0.0
t99,0.0
t33,0.0
t83,0.0
t71,0.0
t72,0.0
t73,0.0
t74,0.0
t75,0.0
t76,0.0
t77,0.0
t78,0.0
t79,0.0
t80,0.0
t81,0.0
t82,0.0
t84,0.0
t69,0.0
t85,0.0
t86,0.0
t88,0.0
t89,0.0
t90,0.0
t91,0.0
t92,0.0
t93,0.0
t94,0.0
t95,0.0
t96,0.0
t97,0.0
t70,0.0
t68,0.0
t34,0.0
t53,0.0
t35,0.0
t98,0.0
t37,0.0
t38,0.0
t39,0.0
t40,0.0
t41,0.0
t42,0.0
t49,0.0
t50,0.0
t51,0.0
t52,0.0
t54,0.0
t67,0.0
t55,0.0
t56,0.0
t57,0.0
t58,0.0
t59,0.0
t60,0.0
t61,0.0
t62,0.0
t63,0.0
t64,0.0
t65,0.0
t66,0.0
t36,0.0
