,Feature_Importance
Pulse wave Arterial Stiffness index,0.179214494710781
Pulse wave peak to peak time,0.17808912896691426
Pulse wave reflection index,0.13808237677245105
Position of pulse wave notch,0.12587215845149674
Pulse rate,0.12497186585640332
Position of the shoulder on the pulse waveform,0.0974004051316678
Position of the pulse wave peak,0.09318028359216746
Sex,0.017780778753094757
Absence of notch position in the pulse waveform,0.01119738915147423
Ethnicity.British,0.006020706729687148
Ethnicity.White,0.005289218996173756
Ethnicity.Asian,0.004557731262660365
Ethnicity.Indian,0.0021381949133468378
Ethnicity.White_Other,0.0021381949133468378
Ethnicity.Irish,0.0018568534773801485
Ethnicity.Other_ethnicity,0.0018005851901868107
Ethnicity.African,0.0017443169029934728
Ethnicity.Prefer_not_to_answer,0.001688048615800135
Ethnicity.Caribbean,0.0013504388926401081
Ethnicity.Black,0.0012941706054467703
Ethnicity.Mixed,0.0012941706054467703
Ethnicity.Pakistani,0.0011253657438667567
Ethnicity.Chinese,0.0009565608822867432
Ethnicity.Other,0.0006752194463200541
Ethnicity.Asian_Other,0.0002813414359666892
Ethnicity.Bangladeshi,0.0
Ethnicity.Mixed_Other,0.0
Ethnicity.White_and_Asian,0.0
Ethnicity.White_and_Black_African,0.0
Ethnicity.White_and_Black_Caribbean,0.0
Ethnicity.Black_Other,0.0
Ethnicity.Do_not_know,0.0
Ethnicity.NA,0.0
