,Feature_Importance
Absence of notch position in the pulse waveform,0.16630036709960053
Position of the pulse wave peak,0.13283559535674044
Position of the shoulder on the pulse waveform,0.0989505753462402
Ethnicity.White,0.09835633619792263
Sex,0.07527612168549248
Ethnicity.British,0.05188943145890416
Pulse wave reflection index,-0.05128944299645775
Pulse rate,-0.04813204281434578
Position of pulse wave notch,-0.029964546099801304
Ethnicity.White_Other,-0.024938304953900627
Ethnicity.Prefer_not_to_answer,0.022607900569147195
Ethnicity.Pakistani,-0.019231317322515994
Ethnicity.Black,-0.015639706139426068
Ethnicity.African,-0.01365873896585944
Pulse wave peak to peak time,0.013293834720927518
Ethnicity.Bangladeshi,-0.010355659361986588
Ethnicity.White_and_Black_Caribbean,-0.008790542882636128
Pulse wave Arterial Stiffness index,0.00757468192065415
Ethnicity.Asian_Other,-0.0056987927035171354
Ethnicity.Do_not_know,0.0050865080385074975
Ethnicity.Mixed,-0.004142799101232701
Ethnicity.Indian,0.0030890923158495066
Ethnicity.Other,0.0
Ethnicity.Irish,0.0
Ethnicity.Other_ethnicity,-0.0
Ethnicity.Asian,-0.0
Ethnicity.White_and_Black_African,0.0
Ethnicity.White_and_Asian,0.0
Ethnicity.Mixed_Other,-0.0
Ethnicity.Chinese,-0.0
Ethnicity.NA,0.0
Ethnicity.Black_Other,0.0
Ethnicity.Caribbean,-0.0
