,Feature_Importance
Age,0.8188961005618737
Sex,0.18110389943812633
Ethnicity.Prefer_not_to_answer,0.0
Ethnicity.White,0.0
Ethnicity.British,0.0
Ethnicity.Irish,0.0
Ethnicity.White_Other,0.0
Ethnicity.Mixed,0.0
Ethnicity.White_and_Black_Caribbean,0.0
Ethnicity.White_and_Black_African,0.0
Ethnicity.White_and_Asian,0.0
Ethnicity.Mixed_Other,0.0
Ethnicity.Asian,0.0
Ethnicity.NA,0.0
Ethnicity.Pakistani,0.0
Ethnicity.Bangladeshi,0.0
Ethnicity.Asian_Other,0.0
Ethnicity.Black,0.0
Ethnicity.Caribbean,0.0
Ethnicity.African,0.0
Ethnicity.Black_Other,0.0
Ethnicity.Chinese,0.0
Ethnicity.Other,0.0
Ethnicity.Other_ethnicity,0.0
Ethnicity.Do_not_know,0.0
Ethnicity.Indian,0.0
