,Feature_Importance
Sex,0.12548512289780078
Ethnicity.Indian,0.09314359637774904
Ethnicity.White_Other,0.07373868046571798
Ethnicity.Asian,0.06985769728331177
Ethnicity.British,0.06727037516170763
Ethnicity.White,0.06597671410090557
Ethnicity.Other_ethnicity,0.059508408796895215
Ethnicity.Prefer_not_to_answer,0.059508408796895215
Ethnicity.Other,0.054333764553686936
Ethnicity.Mixed,0.047865459249676584
Ethnicity.Asian_Other,0.045278137128072445
Ethnicity.Irish,0.042690815006468305
Ethnicity.Mixed_Other,0.04139715394566624
Ethnicity.Pakistani,0.04139715394566624
Ethnicity.Caribbean,0.03880983182406209
Ethnicity.African,0.03234152652005175
Ethnicity.Chinese,0.02199223803363519
Ethnicity.Black,0.019404915912031046
Ethnicity.Bangladeshi,0.0
Ethnicity.White_and_Asian,0.0
Ethnicity.White_and_Black_African,0.0
Ethnicity.White_and_Black_Caribbean,0.0
Ethnicity.Black_Other,0.0
Ethnicity.Do_not_know,0.0
Ethnicity.NA,0.0
