covariate,Feature_importance
Age,0.29466515438836166
Sex,0.12981370306231424
Ethnicity.White_Other,-0.003624738355195223
Ethnicity.Irish,0.003614663475110253
Ethnicity.Do_not_know,2.962241224943022e-07
Ethnicity.Asian_Other,-1.9435988246494355e-07
Ethnicity.White_and_Black_African,-1.9273185904837919e-07
Ethnicity.Prefer_not_to_answer,1.9089875055142426e-07
Ethnicity.Pakistani,-1.814189551956119e-07
Ethnicity.Indian,-1.804588186085347e-07
Ethnicity.Bangladeshi,-6.140795210220125e-08
Ethnicity.Caribbean,-5.5935084036286995e-08
Ethnicity.White_and_Black_Caribbean,-4.354197273944661e-08
Ethnicity.African,3.137074129631654e-08
Ethnicity.Black_Other,-2.667249958801294e-08
Ethnicity.NA,1.551950844370681e-08
Ethnicity.Other_ethnicity,3.677466074489757e-09
Ethnicity.White_and_Asian,-2.941213917025445e-09
Ethnicity.Mixed_Other,2.6089476228094225e-09
